{
  "$schema": "https://developer.microsoft.com/json-schemas/core-build/serve.schema.json",
  "port": 4321,
  "https": true,
  "serveConfigurations": {
    "default": {
      "pageUrl": "https://globalsharepoint2020.sharepoint.com/sites/CustomSearchRND/SitePages/SPFxAppCustomizerTest.aspx",
      "customActions": {
        "5fbb5b79-2843-4e48-83e9-c5699ac74edb": {
          "location": "ClientSideExtension.ApplicationCustomizer",
          "properties": {
            "testMessage": "Test message"
          }
        }
      }
    },
    "helloWorldApplicationCustomizer": {
      "pageUrl": "https://globalsharepoint2020.sharepoint.com/sites/CustomSearchRND/SitePages/SPFxAppCustomizerTest.aspx",
      "customActions": {
        "5fbb5b79-2843-4e48-83e9-c5699ac74edb": {
          "location": "ClientSideExtension.ApplicationCustomizer",
          "properties": {
            "testMessage": "Test message"
          }
        }
      }
    }
  }
}
//5fbb5b79-2843-4e48-83e9-c5699ac74edb